USE [master]
GO
/****** Object:  Database [SILVA_PLAZA_DB]    Script Date: 18/6/2021 20:16:12 ******/
CREATE DATABASE [SILVA_PLAZA_DB]
 CONTAINMENT = NONE
 ON  PRIMARY 
( NAME = N'SILVA_PLAZA_DB', FILENAME = N'C:\Program Files\Microsoft SQL Server\MSSQL15.SQLEXPRESS\MSSQL\DATA\SILVA_PLAZA_DB.mdf' , SIZE = 8192KB , MAXSIZE = UNLIMITED, FILEGROWTH = 65536KB )
 LOG ON 
( NAME = N'SILVA_PLAZA_DB_log', FILENAME = N'C:\Program Files\Microsoft SQL Server\MSSQL15.SQLEXPRESS\MSSQL\DATA\SILVA_PLAZA_DB_log.ldf' , SIZE = 8192KB , MAXSIZE = 2048GB , FILEGROWTH = 65536KB )
 WITH CATALOG_COLLATION = DATABASE_DEFAULT
GO
ALTER DATABASE [SILVA_PLAZA_DB] SET COMPATIBILITY_LEVEL = 150
GO
IF (1 = FULLTEXTSERVICEPROPERTY('IsFullTextInstalled'))
begin
EXEC [SILVA_PLAZA_DB].[dbo].[sp_fulltext_database] @action = 'enable'
end
GO
ALTER DATABASE [SILVA_PLAZA_DB] SET ANSI_NULL_DEFAULT OFF 
GO
ALTER DATABASE [SILVA_PLAZA_DB] SET ANSI_NULLS OFF 
GO
ALTER DATABASE [SILVA_PLAZA_DB] SET ANSI_PADDING OFF 
GO
ALTER DATABASE [SILVA_PLAZA_DB] SET ANSI_WARNINGS OFF 
GO
ALTER DATABASE [SILVA_PLAZA_DB] SET ARITHABORT OFF 
GO
ALTER DATABASE [SILVA_PLAZA_DB] SET AUTO_CLOSE ON 
GO
ALTER DATABASE [SILVA_PLAZA_DB] SET AUTO_SHRINK OFF 
GO
ALTER DATABASE [SILVA_PLAZA_DB] SET AUTO_UPDATE_STATISTICS ON 
GO
ALTER DATABASE [SILVA_PLAZA_DB] SET CURSOR_CLOSE_ON_COMMIT OFF 
GO
ALTER DATABASE [SILVA_PLAZA_DB] SET CURSOR_DEFAULT  GLOBAL 
GO
ALTER DATABASE [SILVA_PLAZA_DB] SET CONCAT_NULL_YIELDS_NULL OFF 
GO
ALTER DATABASE [SILVA_PLAZA_DB] SET NUMERIC_ROUNDABORT OFF 
GO
ALTER DATABASE [SILVA_PLAZA_DB] SET QUOTED_IDENTIFIER OFF 
GO
ALTER DATABASE [SILVA_PLAZA_DB] SET RECURSIVE_TRIGGERS OFF 
GO
ALTER DATABASE [SILVA_PLAZA_DB] SET  ENABLE_BROKER 
GO
ALTER DATABASE [SILVA_PLAZA_DB] SET AUTO_UPDATE_STATISTICS_ASYNC OFF 
GO
ALTER DATABASE [SILVA_PLAZA_DB] SET DATE_CORRELATION_OPTIMIZATION OFF 
GO
ALTER DATABASE [SILVA_PLAZA_DB] SET TRUSTWORTHY OFF 
GO
ALTER DATABASE [SILVA_PLAZA_DB] SET ALLOW_SNAPSHOT_ISOLATION OFF 
GO
ALTER DATABASE [SILVA_PLAZA_DB] SET PARAMETERIZATION SIMPLE 
GO
ALTER DATABASE [SILVA_PLAZA_DB] SET READ_COMMITTED_SNAPSHOT OFF 
GO
ALTER DATABASE [SILVA_PLAZA_DB] SET HONOR_BROKER_PRIORITY OFF 
GO
ALTER DATABASE [SILVA_PLAZA_DB] SET RECOVERY SIMPLE 
GO
ALTER DATABASE [SILVA_PLAZA_DB] SET  MULTI_USER 
GO
ALTER DATABASE [SILVA_PLAZA_DB] SET PAGE_VERIFY CHECKSUM  
GO
ALTER DATABASE [SILVA_PLAZA_DB] SET DB_CHAINING OFF 
GO
ALTER DATABASE [SILVA_PLAZA_DB] SET FILESTREAM( NON_TRANSACTED_ACCESS = OFF ) 
GO
ALTER DATABASE [SILVA_PLAZA_DB] SET TARGET_RECOVERY_TIME = 60 SECONDS 
GO
ALTER DATABASE [SILVA_PLAZA_DB] SET DELAYED_DURABILITY = DISABLED 
GO
ALTER DATABASE [SILVA_PLAZA_DB] SET ACCELERATED_DATABASE_RECOVERY = OFF  
GO
ALTER DATABASE [SILVA_PLAZA_DB] SET QUERY_STORE = OFF
GO
USE [SILVA_PLAZA_DB]
GO
/****** Object:  Table [dbo].[ARTICULO]    Script Date: 18/6/2021 20:16:12 ******/
SET ANSI_NULLS ON
GO
SET QUOTED_IDENTIFIER ON
GO
CREATE TABLE [dbo].[ARTICULO](
	[IDARTICULO] [smallint] IDENTITY(1,1) NOT NULL,
	[CODIGO] [varchar](20) NOT NULL,
	[NOMBRE] [varchar](30) NOT NULL,
	[MODELO] [varchar](30) NOT NULL,
	[DESCRIPCION] [varchar](60) NOT NULL,
	[PRECIO] [money] NOT NULL,
	[IDMARCA] [smallint] NOT NULL,
	[IDCATEGORIA] [smallint] NOT NULL,
	[STOCK] [bigint] NULL,
	[ESTADO] [smallint] NOT NULL,
	[IMAGENURL] [varchar](1000) NOT NULL,
PRIMARY KEY CLUSTERED 
(
	[IDARTICULO] ASC
)WITH (PAD_INDEX = OFF, STATISTICS_NORECOMPUTE = OFF, IGNORE_DUP_KEY = OFF, ALLOW_ROW_LOCKS = ON, ALLOW_PAGE_LOCKS = ON, OPTIMIZE_FOR_SEQUENTIAL_KEY = OFF) ON [PRIMARY]
) ON [PRIMARY]
GO
/****** Object:  Table [dbo].[CATEGORIA]    Script Date: 18/6/2021 20:16:12 ******/
SET ANSI_NULLS ON
GO
SET QUOTED_IDENTIFIER ON
GO
CREATE TABLE [dbo].[CATEGORIA](
	[IDCATEGORIA] [smallint] NOT NULL,
	[NOMBRE] [varchar](50) NOT NULL,
PRIMARY KEY CLUSTERED 
(
	[IDCATEGORIA] ASC
)WITH (PAD_INDEX = OFF, STATISTICS_NORECOMPUTE = OFF, IGNORE_DUP_KEY = OFF, ALLOW_ROW_LOCKS = ON, ALLOW_PAGE_LOCKS = ON, OPTIMIZE_FOR_SEQUENTIAL_KEY = OFF) ON [PRIMARY]
) ON [PRIMARY]
GO
/****** Object:  Table [dbo].[CLIENTE]    Script Date: 18/6/2021 20:16:12 ******/
SET ANSI_NULLS ON
GO
SET QUOTED_IDENTIFIER ON
GO
CREATE TABLE [dbo].[CLIENTE](
	[IDCLIENTE] [bigint] NOT NULL,
	[DIRECCION] [varchar](50) NOT NULL,
	[NOMBRE] [varchar](50) NOT NULL,
	[EMAIL] [varchar](50) NOT NULL,
	[CUIT] [bigint] NOT NULL,
	[ESTADO] [smallint] NOT NULL,
PRIMARY KEY CLUSTERED 
(
	[IDCLIENTE] ASC
)WITH (PAD_INDEX = OFF, STATISTICS_NORECOMPUTE = OFF, IGNORE_DUP_KEY = OFF, ALLOW_ROW_LOCKS = ON, ALLOW_PAGE_LOCKS = ON, OPTIMIZE_FOR_SEQUENTIAL_KEY = OFF) ON [PRIMARY]
) ON [PRIMARY]
GO
/****** Object:  Table [dbo].[COMPRA]    Script Date: 18/6/2021 20:16:12 ******/
SET ANSI_NULLS ON
GO
SET QUOTED_IDENTIFIER ON
GO
CREATE TABLE [dbo].[COMPRA](
	[ID] [int] NOT NULL,
	[FECHA] [date] NOT NULL,
	[IDARTICULO] [smallint] NOT NULL,
	[IDPROVEEDOR] [smallint] NOT NULL,
	[PRECIO] [money] NOT NULL,
	[CANTIDAD] [bigint] NULL,
PRIMARY KEY CLUSTERED 
(
	[ID] ASC
)WITH (PAD_INDEX = OFF, STATISTICS_NORECOMPUTE = OFF, IGNORE_DUP_KEY = OFF, ALLOW_ROW_LOCKS = ON, ALLOW_PAGE_LOCKS = ON, OPTIMIZE_FOR_SEQUENTIAL_KEY = OFF) ON [PRIMARY]
) ON [PRIMARY]
GO
/****** Object:  Table [dbo].[ESTADO]    Script Date: 18/6/2021 20:16:12 ******/
SET ANSI_NULLS ON
GO
SET QUOTED_IDENTIFIER ON
GO
CREATE TABLE [dbo].[ESTADO](
	[IDESTADO] [smallint] NOT NULL,
	[NOMBRE] [varchar](20) NOT NULL,
PRIMARY KEY CLUSTERED 
(
	[IDESTADO] ASC
)WITH (PAD_INDEX = OFF, STATISTICS_NORECOMPUTE = OFF, IGNORE_DUP_KEY = OFF, ALLOW_ROW_LOCKS = ON, ALLOW_PAGE_LOCKS = ON, OPTIMIZE_FOR_SEQUENTIAL_KEY = OFF) ON [PRIMARY]
) ON [PRIMARY]
GO
/****** Object:  Table [dbo].[MARCA]    Script Date: 18/6/2021 20:16:12 ******/
SET ANSI_NULLS ON
GO
SET QUOTED_IDENTIFIER ON
GO
CREATE TABLE [dbo].[MARCA](
	[IDMARCA] [smallint] NOT NULL,
	[NOMBRE] [varchar](50) NOT NULL,
PRIMARY KEY CLUSTERED 
(
	[IDMARCA] ASC
)WITH (PAD_INDEX = OFF, STATISTICS_NORECOMPUTE = OFF, IGNORE_DUP_KEY = OFF, ALLOW_ROW_LOCKS = ON, ALLOW_PAGE_LOCKS = ON, OPTIMIZE_FOR_SEQUENTIAL_KEY = OFF) ON [PRIMARY]
) ON [PRIMARY]
GO
/****** Object:  Table [dbo].[PROVEEDOR]    Script Date: 18/6/2021 20:16:12 ******/
SET ANSI_NULLS ON
GO
SET QUOTED_IDENTIFIER ON
GO
CREATE TABLE [dbo].[PROVEEDOR](
	[IDPROVEEDOR] [smallint] IDENTITY(1,1) NOT NULL,
	[DIRECCION] [varchar](50) NOT NULL,
	[NOMBRE] [varchar](50) NOT NULL,
	[EMAIL] [varchar](50) NOT NULL,
	[CUIT] [bigint] NOT NULL,
	[ESTADO] [smallint] NOT NULL,
PRIMARY KEY CLUSTERED 
(
	[IDPROVEEDOR] ASC
)WITH (PAD_INDEX = OFF, STATISTICS_NORECOMPUTE = OFF, IGNORE_DUP_KEY = OFF, ALLOW_ROW_LOCKS = ON, ALLOW_PAGE_LOCKS = ON, OPTIMIZE_FOR_SEQUENTIAL_KEY = OFF) ON [PRIMARY]
) ON [PRIMARY]
GO
/****** Object:  Table [dbo].[VENDEDOR]    Script Date: 18/6/2021 20:16:12 ******/
SET ANSI_NULLS ON
GO
SET QUOTED_IDENTIFIER ON
GO
CREATE TABLE [dbo].[VENDEDOR](
	[IDVENDEDOR] [smallint] IDENTITY(1,1) NOT NULL,
	[DIRECCION] [varchar](50) NOT NULL,
	[NOMBRE] [varchar](50) NOT NULL,
	[EMAIL] [varchar](50) NOT NULL,
	[CUIT] [bigint] NOT NULL,
	[ESTADO] [smallint] NOT NULL,
PRIMARY KEY CLUSTERED 
(
	[IDVENDEDOR] ASC
)WITH (PAD_INDEX = OFF, STATISTICS_NORECOMPUTE = OFF, IGNORE_DUP_KEY = OFF, ALLOW_ROW_LOCKS = ON, ALLOW_PAGE_LOCKS = ON, OPTIMIZE_FOR_SEQUENTIAL_KEY = OFF) ON [PRIMARY]
) ON [PRIMARY]
GO
/****** Object:  Table [dbo].[VENTA]    Script Date: 18/6/2021 20:16:12 ******/
SET ANSI_NULLS ON
GO
SET QUOTED_IDENTIFIER ON
GO
CREATE TABLE [dbo].[VENTA](
	[ID] [int] NOT NULL,
	[FECHA] [date] NOT NULL,
	[IDARTICULO] [smallint] NOT NULL,
	[IDVENDEDOR] [smallint] NOT NULL,
	[PRECIO] [money] NOT NULL,
	[CANTIDAD] [bigint] NULL,
PRIMARY KEY CLUSTERED 
(
	[ID] ASC
)WITH (PAD_INDEX = OFF, STATISTICS_NORECOMPUTE = OFF, IGNORE_DUP_KEY = OFF, ALLOW_ROW_LOCKS = ON, ALLOW_PAGE_LOCKS = ON, OPTIMIZE_FOR_SEQUENTIAL_KEY = OFF) ON [PRIMARY]
) ON [PRIMARY]
GO
SET IDENTITY_INSERT [dbo].[ARTICULO] ON 
GO
INSERT [dbo].[ARTICULO] ([IDARTICULO], [CODIGO], [NOMBRE], [MODELO], [DESCRIPCION], [PRECIO], [IDMARCA], [IDCATEGORIA], [STOCK], [ESTADO], [IMAGENURL]) VALUES (11, N'L110', N'Lampara Led', N'W9', N'Lampara Led Sica 9w 10w Fria', 94.0000, 1, 4, 10, 1, N'https://http2.mlstatic.com/D_NQ_NP_708869-MLA26766062196_022018-O.jpg')
GO
INSERT [dbo].[ARTICULO] ([IDARTICULO], [CODIGO], [NOMBRE], [MODELO], [DESCRIPCION], [PRECIO], [IDMARCA], [IDCATEGORIA], [STOCK], [ESTADO], [IMAGENURL]) VALUES (12, N'C102', N'Cinta Teflon', N'1/2', N'Cinta De Teflon 1/2 Pulgada Alta Densidad 10 Mts', 71.0000, 3, 2, 10, 1, N'https://www.abelson.com.ar/4677-large_default/friendly-url-autogeneration-failed.jpg')
GO
INSERT [dbo].[ARTICULO] ([IDARTICULO], [CODIGO], [NOMBRE], [MODELO], [DESCRIPCION], [PRECIO], [IDMARCA], [IDCATEGORIA], [STOCK], [ESTADO], [IMAGENURL]) VALUES (14, N'T001', N'Taladro', N'500W', N'Taladro Percutor Philco Meptp116 500w Mandril 13mm', 3824.0000, 5, 1, 5, 1, N'https://http2.mlstatic.com/D_NQ_NP_948359-MLA46178490746_052021-O.webp')
GO
INSERT [dbo].[ARTICULO] ([IDARTICULO], [CODIGO], [NOMBRE], [MODELO], [DESCRIPCION], [PRECIO], [IDMARCA], [IDCATEGORIA], [STOCK], [ESTADO], [IMAGENURL]) VALUES (16, N'D115', N'Disco Corte Amoladora', N'115', N'Discos De Corte Metal Para Amoladora 115 X 0.8 1.2 1.6', 50.0000, 7, 3, 40, 1, N'https://http2.mlstatic.com/D_NQ_NP_969754-MLA26432958180_112017-O.webp')
GO
INSERT [dbo].[ARTICULO] ([IDARTICULO], [CODIGO], [NOMBRE], [MODELO], [DESCRIPCION], [PRECIO], [IDMARCA], [IDCATEGORIA], [STOCK], [ESTADO], [IMAGENURL]) VALUES (17, N'A1200', N'Amoladora angular', N'1200W', N'Amoladora angular Philco AA1201 de 50 Hz verde 1200 W 220 V', 4798.0000, 5, 5, 2, 1, N'https://http2.mlstatic.com/D_NQ_NP_662408-MLA42138386100_062020-O.webp')
GO
SET IDENTITY_INSERT [dbo].[ARTICULO] OFF
GO
INSERT [dbo].[CATEGORIA] ([IDCATEGORIA], [NOMBRE]) VALUES (1, N'Taladros')
GO
INSERT [dbo].[CATEGORIA] ([IDCATEGORIA], [NOMBRE]) VALUES (2, N'Griferia')
GO
INSERT [dbo].[CATEGORIA] ([IDCATEGORIA], [NOMBRE]) VALUES (3, N'Disco')
GO
INSERT [dbo].[CATEGORIA] ([IDCATEGORIA], [NOMBRE]) VALUES (4, N'Iluminacion')
GO
INSERT [dbo].[CATEGORIA] ([IDCATEGORIA], [NOMBRE]) VALUES (5, N'Amolora')
GO
INSERT [dbo].[CLIENTE] ([IDCLIENTE], [DIRECCION], [NOMBRE], [EMAIL], [CUIT], [ESTADO]) VALUES (1, N'Local', N'Venta Final', N'Local@Local.com', 12345678, 1)
GO
INSERT [dbo].[CLIENTE] ([IDCLIENTE], [DIRECCION], [NOMBRE], [EMAIL], [CUIT], [ESTADO]) VALUES (2, N'Reconquista 1234', N'Juan Perez', N'JuanP@hotmail.com', 45123465, 1)
GO
INSERT [dbo].[ESTADO] ([IDESTADO], [NOMBRE]) VALUES (1, N'Activo')
GO
INSERT [dbo].[ESTADO] ([IDESTADO], [NOMBRE]) VALUES (2, N'Baja')
GO
INSERT [dbo].[MARCA] ([IDMARCA], [NOMBRE]) VALUES (1, N'Sica')
GO
INSERT [dbo].[MARCA] ([IDMARCA], [NOMBRE]) VALUES (2, N'Electronube')
GO
INSERT [dbo].[MARCA] ([IDMARCA], [NOMBRE]) VALUES (3, N'Gloa')
GO
INSERT [dbo].[MARCA] ([IDMARCA], [NOMBRE]) VALUES (4, N'elu-flon')
GO
INSERT [dbo].[MARCA] ([IDMARCA], [NOMBRE]) VALUES (5, N'Philco')
GO
INSERT [dbo].[MARCA] ([IDMARCA], [NOMBRE]) VALUES (6, N'SilverFox')
GO
INSERT [dbo].[MARCA] ([IDMARCA], [NOMBRE]) VALUES (7, N'SinPar')
GO
SET IDENTITY_INSERT [dbo].[PROVEEDOR] ON 
GO
INSERT [dbo].[PROVEEDOR] ([IDPROVEEDOR], [DIRECCION], [NOMBRE], [EMAIL], [CUIT], [ESTADO]) VALUES (1, N'Estados Unidos 1345', N'Eiden', N'Distribuidora.Eiden@hotmail.com', 45678153, 1)
GO
SET IDENTITY_INSERT [dbo].[PROVEEDOR] OFF
GO
ALTER TABLE [dbo].[ARTICULO]  WITH CHECK ADD FOREIGN KEY([ESTADO])
REFERENCES [dbo].[ESTADO] ([IDESTADO])
GO
ALTER TABLE [dbo].[ARTICULO]  WITH CHECK ADD FOREIGN KEY([IDCATEGORIA])
REFERENCES [dbo].[CATEGORIA] ([IDCATEGORIA])
GO
ALTER TABLE [dbo].[ARTICULO]  WITH CHECK ADD FOREIGN KEY([IDMARCA])
REFERENCES [dbo].[MARCA] ([IDMARCA])
GO
ALTER TABLE [dbo].[CLIENTE]  WITH CHECK ADD FOREIGN KEY([ESTADO])
REFERENCES [dbo].[ESTADO] ([IDESTADO])
GO
ALTER TABLE [dbo].[COMPRA]  WITH CHECK ADD FOREIGN KEY([IDARTICULO])
REFERENCES [dbo].[ARTICULO] ([IDARTICULO])
GO
ALTER TABLE [dbo].[COMPRA]  WITH CHECK ADD FOREIGN KEY([IDPROVEEDOR])
REFERENCES [dbo].[PROVEEDOR] ([IDPROVEEDOR])
GO
ALTER TABLE [dbo].[PROVEEDOR]  WITH CHECK ADD FOREIGN KEY([ESTADO])
REFERENCES [dbo].[ESTADO] ([IDESTADO])
GO
ALTER TABLE [dbo].[VENDEDOR]  WITH CHECK ADD FOREIGN KEY([ESTADO])
REFERENCES [dbo].[ESTADO] ([IDESTADO])
GO
ALTER TABLE [dbo].[VENTA]  WITH CHECK ADD FOREIGN KEY([IDARTICULO])
REFERENCES [dbo].[ARTICULO] ([IDARTICULO])
GO
ALTER TABLE [dbo].[VENTA]  WITH CHECK ADD FOREIGN KEY([IDVENDEDOR])
REFERENCES [dbo].[VENDEDOR] ([IDVENDEDOR])
GO
USE [master]
GO
ALTER DATABASE [SILVA_PLAZA_DB] SET  READ_WRITE 
GO
